<?xml version="1.0" encoding="UTF-8" ?>
<!DOCTYPE tiles-definitions PUBLIC
       "-//Apache Software Foundation//DTD Tiles Configuration 3.0//EN"
       "http://tiles.apache.org/dtds/tiles-config_3_0.dtd">
<tiles-definitions>

  <!-- 아래 샘플을 참고해서 작성하세요. -->
  <definition name="myapp.homepage" template="/layouts/classic.jsp">
    <put-attribute name="title" value="Tiles tutorial homepage" />
    <put-attribute name="header" value="/tiles/banner.jsp" />
    <put-attribute name="menu" value="/tiles/common_menu.jsp" />
    <put-attribute name="body" value="/tiles/home_body.jsp" />
    <put-attribute name="footer" value="/tiles/credits.jsp" />
  </definition>
  
  <definition name="myapp.homepage2" extends="myapp.homepage">
    <put-attribute name="body" value="/tiles/home_body2.jsp" />
  </definition>
  
</tiles-definitions>
